name,profile_pic,email,topic,title,post_url,comments,votes
flowersdiamond,https://loremflickr.com/320/320/dog,martinsusan@yahoo.com,control,Trip these work similar against news.,http://www.doyle.net/,Find into music energy late early station much.,7
elopez,https://loremflickr.com/320/320/dog,mhowe@rivera.com,responsibility,Leave court property eight simply mouth.,https://jordan-whitehead.com/,Create enough everyone.,7
christianhansen,https://loremflickr.com/320/320/dog,johncook@dodson.biz,food,Power same politics else.,http://www.taylor.com/,Gas safe against without probably apply with.,15
pricenicole,https://loremflickr.com/g/320/320/dog,crystalmiller@castaneda.net,food,Usually water certainly my still stuff treatment.,https://www.pineda.com/,Score food size nothing simply since their.,4
alyssa64,https://loremflickr.com/320/320/dog,qjordan@hotmail.com,food,Well firm enough different.,https://www.williams.org/,Member strong carry through thought.,5
ann58,https://loremflickr.com/320/320/dog,devinbennett@hoffman-jackson.biz,art,Share yeah him Democrat without bad.,https://www.brown.com/,Fact music adult care reveal tough.,8
richbenjamin,https://loremflickr.com/320/320/dog,ramosian@martin-morales.biz,school,Money election scientist meeting.,http://www.key-martin.com/,Example need east left save.,4
richard46,https://loremflickr.com/320/320/dog,mccoydanielle@watts.com,social,Tv baby Mrs seat.,http://hooper.com/,Over right little beyond west coach.,20
blake31,https://loremflickr.com/320/320/dog,wadeerin@boyd.biz,social,Strong against place woman.,http://hall.info/,Stay new should week task good main.,8
shelby03,https://loremflickr.com/320/320/dog,sbright@rodriguez.net,outdoors,Heart loss education special himself plant.,https://miller.org/,Capital effect hundred employee far.,5
daniel12,https://loremflickr.com/320/320/dog,cisneroscassidy@hernandez.info,gym,Inside center down at population claim operation.,https://www.hahn.com/,Night which medical citizen.,1
mariahmoore,https://loremflickr.com/320/320/dog,hamiltonkelly@hotmail.com,gym,Miss everyone Mr wait pressure.,https://cummings.net/,Professional which product put happen until.,19
mario60,https://loremflickr.com/g/320/320/dog,asanders@sullivan.org,gym,Eye start fish relationship season condition focus mouth.,http://www.johnson.biz/,Close great situation item western.,3
rmorton,https://loremflickr.com/320/320/dog,watersthomas@martinez.com,food,Base need someone society fall.,https://hunter-walton.net/,Speak mission into model whatever.,3
aanderson,https://loremflickr.com/320/320/cat,vincentpennington@yahoo.com,food,Read out treatment child everybody party.,http://www.perry.com/,Agent traditional suffer good.,4
diazdaniel,https://loremflickr.com/320/320/cat,pduke@mercado.com,running,Six identify right fact.,http://www.little-strickland.info/,Expert join it pretty upon sign east somebody.,9
michelecruz,https://loremflickr.com/320/320/cat,joseph88@yahoo.com,tech,Car seem baby a myself energy project.,http://www.williams.org/,Soon start policy space.,7
thompsonmarcus,https://loremflickr.com/320/320/cat,tammyanderson@buck.com,tech,Mean character international citizen carry.,https://humphrey.org/,Job trouble start call shoulder food.,8
rebecca73,https://loremflickr.com/g/320/320/cat,pcuevas@hotmail.com,tech,Last painting toward guy sport term indeed paper.,http://www.white.com/,Agree identify nice entire traditional.,3
katherine14,https://loremflickr.com/320/320/cat,lnolan@hensley.com,tech,Until upon student than.,https://hernandez.org/,Foreign reality red peace.,7
heathermueller,https://loremflickr.com/320/320/cat,williamsrichard@gmail.com,"dogs, pets",Enough still fill garden reduce even past.,https://www.santiago.com/,Artist deep meeting girl.,0
aaron74,https://loremflickr.com/320/320/cat,tinahensley@fisher.net,"cats, pets",Now language identify into.,https://robinson.com/,Pattern national account war start bit.,8
melissawood,https://loremflickr.com/320/320/cat,james48@gmail.com,pets,Lot despite during land practice.,http://harris.com/,Evening church work voice no herself crime.,7
kennedydonald,https://loremflickr.com/320/320/cat,aforbes@shaw.biz,"dogs, pets",Talk before back head me.,http://moore.com/,Vote power morning.,9
gmyers,https://loremflickr.com/320/320/cat,stephaniehernandez@yahoo.com,"tech, food",When affect score rather certain marriage building tonight.,https://cook-archer.com/,Particular any leader individual everybody red book successful.,7
bmiller,https://loremflickr.com/320/320/cat,warrengabriel@yahoo.com,"art, social",Indeed several white stand.,https://cole.com/,Adult down fill mission account.,5
karen64,https://loremflickr.com/320/320/cat,diazsusan@hotmail.com,"social, food, tech",Away reflect social onto.,https://www.fletcher-baker.net/,Fight share deep but floor soldier far never.,6
williampham,https://loremflickr.com/g/320/320/cat,cheryldavis@keith-johnson.com,art,Water fine set place.,http://www.sloan.com/,Attack learn understand value north second site.,10
dustin16,https://loremflickr.com/g/320/320/cat,alyssaguzman@hotmail.com,"hiking, fashion",Edge weight product answer against.,http://steele.biz/,Building ahead provide station me per ago fear.,9
kristenwright,https://loremflickr.com/320/320/cat,cgrimes@gmail.com,fashion,Pressure north magazine attention dinner result whose.,http://jones.info/,Certain this prepare worry likely.,8